feature,importance
amount,0.8320491833734296
device_type_desktop,0.026586215979956487
device_type_tablet,0.02417860958742233
merchant_type_others,0.02270196861434802
device_type_mobile,0.02186946321179089
merchant_type_travel,0.021390318620628707
merchant_type_clothing,0.018846089239910765
merchant_type_electronics,0.017386914351445317
merchant_type_groceries,0.014991237021067904
