{
    "accuracy": 0.9605263157894737,
    "precision": 0.926829268292683,
    "recall": 1.0,
    "f1_score": 0.9620253164556962,
    "cm_true_negative": 140,
    "cm_false_positive": 12,
    "cm_false_negative": 0,
    "cm_true_positive": 152
}